{
    "camera_matrix": {
        "rows": 3,
        "cols": 3,
        "dt": "d",
        "data": [2584.809123, 0.0, 1540.358948, 0.0, 2570.871247, 1087.701687, 0.0, 0.0, 1.0]
    },
    "distortion_coefficients": {
        "rows": 1,
        "cols": 4,
        "dt": "d",
        "data": [-0.074792, 0.105821, 0.0, 0.0]
    },
    "board_size": {
        "width_mm": 140.0,
        "height_mm": 55.0
    }
}
